Workbook

Sheet OVERVIEW
A1: SWD392 — AIVES: Hệ thống thi vấn đáp có AI
A4: Tổng quan dự án
A5: Dự án | B5: AIVES – thi vấn đáp có AI | C5: Giai đoạn hiện tại | D5: Phase 0 — Chốt nền tảng & contract | E5: Milestone hiện tại | F5: M1 — Luồng thi cơ bản chạy thông | G5: Team | H5: 2 FE + 2 BE
A6: Repo FE | B6: ai-oral-exam-web | C6: Repo BE | D6: ai-oral-exam-api | E6: Kiểu backend | F6: ASP.NET Core Modular Monolith | G6: Database | H6: PostgreSQL (EF Core)
A7: Chia BE | B7: 1 BE AI Core + 1 BE Platform/PM | C7: Chia FE | D7: FE Interview + FE Platform | E7: Realtime | F7: REST + WebSocket | G7: AI & lưu trữ | H7: STT/TTS/LLM qua adapter; file ghi âm ở Object Storage
A9: Phạm vi dự án
A10: Tính năng | B10: Phạm vi | C10: Phụ trách chính | D10: Ghi chú
A11: Feature 3 – AI Viva Interview | B11: Đọc câu hỏi bằng TTS, nghe câu trả lời bằng STT, hỏi xoáy khi câu trả lời chưa rõ, giới hạn thời gian và số lần hỏi xoáy, AI gợi ý điểm theo rubric, giảng viên xem lại và chốt điểm cuối | C11: BE AI Core + FE Interview | D11: Phần tạo khác biệt của dự án
A12: Feature 6 – Feedback & Reporting | B12: Báo cáo cho sinh viên (ghi rõ điểm AI gợi ý từng câu và điểm cuối giảng viên chốt), kết quả từng sinh viên, thống kê lớp (câu khó nhất, tỉ lệ trả lời tốt, phân bố điểm), xuất bảng điểm theo mẫu của trường | C12: FE Platform + BE Platform | D12: Làm song song với M2 bằng dữ liệu điểm mẫu
A13: Feature 7 – Access Control & Exam Configuration | B13: Tài khoản và vai trò; đăng ký (xác nhận email); đăng nhập Google SSO hoặc account name/email + mật khẩu (hash + salt; link đặt tài khoản đặt cả account name lẫn mật khẩu, link đặt lại chỉ đổi mật khẩu); cài đặt tài khoản (đổi username, liên kết Google); quản lý môn học và phân giảng viên vào môn; tạo phiên thi, nạp câu hỏi, rubric, danh sách sinh viên, khung giờ, thời gian trả lời (giây) và số lần hỏi xoáy, publish; cấu hình ngôn ngữ STT/TTS và AI provider; audit log | C13: FE Platform + BE Platform | D13: Trong danh sách tính năng của lớp tên là "System Administration"; thầy yêu cầu diagram dùng tên khác
A14: Tài liệu thiết kế | B14: Use case, swimlane (9 workflow), ERD, class diagram, kiến trúc hệ thống | C14: Hiệu (cả team review) | D14: Nằm trong thư mục SWD2026/02_Thiet-ke, viết bằng tiếng Anh
A15: Ngoài phạm vi | B15: Tích hợp LMS | C15: — | D15: Kiến trúc chừa sẵn chỗ mở rộng, bản đầu chưa làm
A17: Luồng chính từ đầu đến cuối
A18: Giảng viên tạo phiên thi (câu hỏi + rubric + danh sách sinh viên) rồi publish → Sinh viên có tên trong danh sách đăng nhập và vào phiên thi trong khung giờ của phiên → Tạo lượt thi (InterviewAttempt) → Nghe câu hỏi (TTS) → Trả lời bằng giọng nói → STT ra transcript → AI phân tích, hỏi xoáy nếu cần → AI gợi ý điểm theo rubric → Giảng viên xem lại và chốt điểm → Sinh viên xem báo cáo, giảng viên xem thống kê
A22: Quy tắc nghiệp vụ quan trọng
A23: 1 | B23: Exam Session (phiên thi) khác Interview Attempt (lượt thi của từng sinh viên). Chỉ sinh viên có tên trong danh sách mới tạo được lượt thi, trong khung giờ của phiên, mỗi người một lượt. Hết giờ phiên tự đóng: lượt đang làm dừng ngay, câu chưa trả lời tính 0 điểm (câu chưa tới lượt không lưu gì, chỉ cộng 0 vào tổng)
A24: 2 | B24: Câu hỏi chính do giảng viên soạn, khác câu hỏi xoáy do AI sinh ra
A25: 3 | B25: Phân tích câu trả lời (để quyết định hỏi xoáy) tách riêng với chấm điểm theo rubric
A26: 4 | B26: AI chỉ gợi ý điểm, giảng viên luôn là người chốt điểm cuối. Giảng viên chốt một lần cho cả lượt thi, bắt đầu từ tổng điểm AI gợi ý; báo cáo ghi rõ điểm từng câu là AI gợi ý, điểm cuối là giảng viên chốt
A27: 5 | B27: Reporting chỉ đọc điểm đã lưu, không gọi lại AI để chấm lại; chỉ tính lượt thi đã chốt
A28: 6 | B28: Phiên thi chỉ publish được khi có ít nhất 1 câu hỏi, câu nào cũng có rubric và có ít nhất 1 sinh viên trong danh sách. Publish rồi thì khoá câu hỏi và rubric; lượt thi lưu nguyên văn câu hỏi đã hỏi
A30: Thế nào là xong cả dự án
A31: Giảng viên tạo và publish được phiên thi có câu hỏi, rubric và danh sách sinh viên. Sinh viên đăng ký hoặc đăng nhập (Google SSO, hoặc account name/email + mật khẩu), thi bằng giọng nói, AI hỏi xoáy khi cần và gợi ý điểm theo rubric. Giảng viên xem lại và chốt điểm; sinh viên xem được báo cáo; giảng viên xem thống kê lớp và xuất bảng điểm. Admin quản lý tài khoản, môn học, phân giảng viên vào môn, cấu hình ngôn ngữ và AI provider, xem audit log. Cả luồng demo lại nhiều lần vẫn chạy ổn.

Sheet DASHBOARD
A1: Dashboard dự án SWD392 – AIVES
A4: Giai đoạn hiện tại | C4: Milestone hiện tại | E4: Tiến độ M1 | G4: Xong / Tổng | I4: Đang kẹt
A5: Phase 0 — Chốt nền tảng & contract | C5: M1 — Luồng thi cơ bản chạy thông | E5: =AVERAGE(M1_TASKS!J2:J100) -> 0.053333333 | G5: =COUNTIF(M1_TASKS!I2:I100,"Done")&" / "&COUNTA(M1_TASKS!A2:A100) -> 0 / 30 | I5: =COUNTIF(M1_TASKS!I2:I100,"Blocked") -> 0
A8: Tiến độ M1 theo mảng | F8: Điều kiện qua M1
A9: Mảng | B9: Tổng task | C9: Xong | D9: Tiến độ | F9: M1 coi là xong khi React → ASP.NET Core → PostgreSQL → React chạy thông: Sinh viên đăng nhập → mở trang thi → tạo lượt thi → nhận câu hỏi mock → timer chạy → gõ câu trả lời → backend lưu → mock AI trả điểm + nhận xét → giao diện hiện kết quả (điểm mock chỉ để kiểm tra luồng). Chưa đụng tới STT/TTS/LLM thật cho tới khi qua được M1.
A10: Foundation | B10: =COUNTIF(M1_TASKS!B:B,A10) -> 6 | C10: =COUNTIFS(M1_TASKS!B:B,A10,M1_TASKS!I:I,"Done") -> 0 | D10: =IF(B10=0,0,SUMIF(M1_TASKS!B:B,A10,M1_TASKS!J:J)/B10) -> 0.26666667
A11: BE Platform | B11: =COUNTIF(M1_TASKS!B:B,A11) -> 7 | C11: =COUNTIFS(M1_TASKS!B:B,A11,M1_TASKS!I:I,"Done") -> 0 | D11: =IF(B11=0,0,SUMIF(M1_TASKS!B:B,A11,M1_TASKS!J:J)/B11) -> 0
A12: BE AI Core | B12: =COUNTIF(M1_TASKS!B:B,A12) -> 6 | C12: =COUNTIFS(M1_TASKS!B:B,A12,M1_TASKS!I:I,"Done") -> 0 | D12: =IF(B12=0,0,SUMIF(M1_TASKS!B:B,A12,M1_TASKS!J:J)/B12) -> 0
A13: FE Interview | B13: =COUNTIF(M1_TASKS!B:B,A13) -> 5 | C13: =COUNTIFS(M1_TASKS!B:B,A13,M1_TASKS!I:I,"Done") -> 0 | D13: =IF(B13=0,0,SUMIF(M1_TASKS!B:B,A13,M1_TASKS!J:J)/B13) -> 0
A14: FE Platform | B14: =COUNTIF(M1_TASKS!B:B,A14) -> 5 | C14: =COUNTIFS(M1_TASKS!B:B,A14,M1_TASKS!I:I,"Done") -> 0 | D14: =IF(B14=0,0,SUMIF(M1_TASKS!B:B,A14,M1_TASKS!J:J)/B14) -> 0
A15: M1 Integration | B15: =COUNTIF(M1_TASKS!B:B,A15) -> 1 | C15: =COUNTIFS(M1_TASKS!B:B,A15,M1_TASKS!I:I,"Done") -> 0 | D15: =IF(B15=0,0,SUMIF(M1_TASKS!B:B,A15,M1_TASKS!J:J)/B15) -> 0
A17: Toàn cảnh roadmap
A18: Giai đoạn | B18: Trạng thái | C18: Tiến độ | D18: Điều kiện hoàn thành | E18: Tiếp theo
A19: =ROADMAP!A5 -> Phase 0 — Chốt nền tảng & contract | B19: =ROADMAP!E5 -> In Progress | C19: =ROADMAP!F5 -> 0.26666667 | D19: =ROADMAP!D5 -> Cả 4 người thống nhất thuật ngữ, API/DTO, phân công và ranh giới module; FE làm được bằng mock | E19: =ROADMAP!G5 -> M1 — Luồng thi cơ bản chạy thông
A20: =ROADMAP!A6 -> M1 — Luồng thi cơ bản chạy thông | B20: =ROADMAP!E6 -> Not Started | C20: =ROADMAP!F6 -> 0.053333333 | D20: =ROADMAP!D6 -> Sinh viên đăng nhập → mở trang thi → tạo lượt thi → nhận câu hỏi mock → timer chạy → gõ câu trả lời → backend lưu → mock AI trả điểm + nhận xét → giao diện hiện kết quả (điểm mock chỉ để kiểm tra luồng) | E20: =ROADMAP!G6 -> M2, M3, M4 (chạy song song)
A21: =ROADMAP!A7 -> M2 — Phỏng vấn AI thích ứng & duyệt điểm | B21: =ROADMAP!E7 -> Not Started | C21: =ROADMAP!F7 -> 0 | D21: =ROADMAP!D7 -> Sinh viên trả lời bằng giọng nói, hệ thống ra transcript, AI hỏi xoáy khi cần, điểm gợi ý theo rubric được lưu ở trạng thái chờ duyệt; giảng viên xem lại và chốt được điểm | E21: =ROADMAP!G7 -> M5 — Ghép nối & làm chắc
A22: =ROADMAP!A8 -> M3 — Báo cáo & thống kê | B22: =ROADMAP!E8 -> Not Started | C22: =ROADMAP!F8 -> 0 | D22: =ROADMAP!D8 -> Báo cáo lấy từ điểm đã lưu, không gọi lại AI; sinh viên chỉ thấy điểm sau khi giảng viên chốt, trước đó chỉ thấy thông báo đang chờ duyệt | E22: =ROADMAP!G8 -> M5 — Ghép nối & làm chắc
A23: =ROADMAP!A9 -> M4 — Quản lý truy cập & cấu hình phiên thi | B23: =ROADMAP!E9 -> Not Started | C23: =ROADMAP!F9 -> 0 | D23: =ROADMAP!D9 -> Giảng viên tự tạo và publish được phiên thi; chỉ sinh viên có tên trong danh sách mới vào thi được, trong khung giờ và mỗi người một lượt; admin cấu hình được mọi thứ; Student/Lecturer/Admin chỉ thấy đúng phần của mình | E23: =ROADMAP!G9 -> M5 — Ghép nối & làm chắc
A24: =ROADMAP!A10 -> M5 — Ghép nối & làm chắc | B24: =ROADMAP!E10 -> Not Started | C24: =ROADMAP!F10 -> 0 | D24: =ROADMAP!D10 -> Giảng viên tạo phiên thi → sinh viên thi bằng giọng nói → AI gợi ý điểm → giảng viên chốt → báo cáo và thống kê: chạy ổn định nhiều lần | E24: =ROADMAP!G10 -> Thuyết trình cuối kỳ

Sheet M1_TASKS
A1: Mã | B1: Mảng | C1: Tên task | D1: Ưu tiên | E1: Người làm | F1: Người review | G1: Phụ thuộc | H1: Giai đoạn | I1: Trạng thái | J1: % Tiến độ | K1: Ngày bắt đầu | L1: Hạn chót | M1: Tiêu chí hoàn thành | N1: Ghi chú | O1: Link Trello
A2: FOUNDATION-01 | B2: Foundation | C2: Chốt luồng thi MVP | D2: P0 | E2: BE Platform / PM | F2: BE AI Core | G2: — | H2: Phase 0 / M1 | I2: Not Started | J2: =IF(I2="Done",1,IF(I2="Testing",0.9,IF(I2="Code Review",0.8,IF(I2="In Progress",0.5,IF(I2="Blocked",0.25,0))))) -> 0 | M2: Cả team thống nhất luồng thi và cách gọi tên: Exam Session ≠ Interview Attempt, câu hỏi chính ≠ câu hỏi xoáy, phân tích câu trả lời ≠ chấm điểm. Chốt một bản gate M1 duy nhất (có đăng nhập và timer). | N2: Cả team đang chờ task này, nên gói gọn trong một buổi họp.
A3: FOUNDATION-02 | B3: Foundation | C3: Chốt API contract (REST + realtime) | D3: P0 | E3: BE Platform / PM | F3: FE Interview + BE AI Core | G3: FOUNDATION-01 | H3: Phase 0 / M1 | I3: Not Started | J3: =IF(I3="Done",1,IF(I3="Testing",0.9,IF(I3="Code Review",0.8,IF(I3="In Progress",0.5,IF(I3="Blocked",0.25,0))))) -> 0 | M3: Có đủ request/response DTO và format lỗi chung cho: đăng nhập, POST /api/interview-attempts, POST /api/interview-attempts/{id}/responses. FE làm được bằng mock, cả 4 người đã xem qua.
A4: FOUNDATION-03 | B4: Foundation | C4: Chốt domain model v1 | D4: P0 | E4: BE AI Core | F4: BE Platform / PM | G4: FOUNDATION-01 | H4: Phase 0 / M1 | I4: Not Started | J4: =IF(I4="Done",1,IF(I4="Testing",0.9,IF(I4="Code Review",0.8,IF(I4="In Progress",0.5,IF(I4="Blocked",0.25,0))))) -> 0 | M4: Entity, quan hệ và tên gọi khớp với ConceptualERD.drawio và ClassDiagram.drawio; một câu hỏi chính có được nhiều câu hỏi xoáy. | N4: ERD và class diagram đã có trong thư mục SWD2026/02_Thiet-ke, chủ yếu là cả team duyệt lại. Chuyển sang BE AI Core để BE Platform/PM bớt tải.
A5: FOUNDATION-04 | B5: Foundation | C5: Dựng khung FE, BE và các module | D5: P0 | E5: BE Platform / PM + FE Platform | F5: Whole Team | G5: FOUNDATION-01 | H5: Phase 0 / M1 | I5: Not Started | J5: =IF(I5="Done",1,IF(I5="Testing",0.9,IF(I5="Code Review",0.8,IF(I5="In Progress",0.5,IF(I5="Blocked",0.25,0))))) -> 0 | M5: Hai repo build được. BE chia module: Interview, Reporting, Access & Exam Configuration + Shared Kernel; module chỉ gọi nhau qua interface, mỗi module giữ bảng riêng; không tách microservice.
A6: DOC-01 | B6: Foundation | C6: Hoàn thiện bộ tài liệu thiết kế (tiếng Anh) | D6: P0 | E6: Hiệu | F6: Whole Team | G6: — | H6: Phase 0 / M1 | I6: Code Review | J6: =IF(I6="Done",1,IF(I6="Testing",0.9,IF(I6="Code Review",0.8,IF(I6="In Progress",0.5,IF(I6="Blocked",0.25,0))))) -> 0.8 | M6: Use case, swimlane (9 workflow), ERD, class diagram và kiến trúc hệ thống khớp nhau và khớp đề tài; đã đối chiếu chéo. | N6: Hiệu làm. Đã sửa theo review lần 1 (03/10), sau khi rà lại (06/10) và theo các quyết định chốt ngày 06/10; chờ cả team xem lại lần 2. File ở SWD2026/02_Thiet-ke, bản review ở SWD2026/04_Review-nhom.
A7: DOC-02 | B7: Foundation | C7: Class diagram – bài nộp môn 07/10 | D7: P0 | E7: Hiệu | F7: Whole Team | G7: DOC-01 | H7: Phase 0 / M1 | I7: Code Review | J7: =IF(I7="Done",1,IF(I7="Testing",0.9,IF(I7="Code Review",0.8,IF(I7="In Progress",0.5,IF(I7="Blocked",0.25,0))))) -> 0.8 | K7: 46301 | L7: 46302 | M7: ClassDiagram.drawio khớp ERD, use case và swimlane sau các quyết định 06/10 (17 class, 9 enum); 5 lượt đối chiếu chéo đều OK; cả team xem lại trước khi nộp. | N7: Hiệu làm. Bản review cho nhóm ở SWD2026/04_Review-nhom (tiếng Anh và tiếng Việt).
A8: BE-PLAT-01 | B8: BE Platform | C8: Cài PostgreSQL và EF Core migration | D8: P0 | E8: BE Platform | F8: BE AI Core | G8: FOUNDATION-04 | H8: M1 | I8: Not Started | J8: =IF(I8="Done",1,IF(I8="Testing",0.9,IF(I8="Code Review",0.8,IF(I8="In Progress",0.5,IF(I8="Blocked",0.25,0))))) -> 0 | M8: Có chuỗi kết nối DB, migration đầu tiên chạy được, ai trong team cũng dựng được DB trên máy mình (docker-compose).
A9: BE-PLAT-02 | B9: BE Platform | C9: Lưu InterviewAttempt | D9: P0 | E9: BE Platform | F9: BE AI Core | G9: FOUNDATION-03, BE-PLAT-01, BE-AI-01 | H9: M1 | I9: Not Started | J9: =IF(I9="Done",1,IF(I9="Testing",0.9,IF(I9="Code Review",0.8,IF(I9="In Progress",0.5,IF(I9="Blocked",0.25,0))))) -> 0 | M9: Tạo và đọc được InterviewAttempt; lưu participant, thời điểm bắt đầu và trạng thái (dùng đúng bộ trạng thái của BE-AI-01).
A10: BE-PLAT-03 | B10: BE Platform | C10: Lưu QuestionResponse và InterviewTurn | D10: P0 | E10: BE Platform | F10: BE AI Core | G10: BE-PLAT-01, FOUNDATION-03 | H10: M1 | I10: Not Started | J10: =IF(I10="Done",1,IF(I10="Testing",0.9,IF(I10="Code Review",0.8,IF(I10="In Progress",0.5,IF(I10="Blocked",0.25,0))))) -> 0 | M10: Một lượt thi có nhiều QuestionResponse, mỗi QuestionResponse có nhiều InterviewTurn; transcript lưu theo từng turn. | N10: Lên P0 vì gate M1 cần lưu câu trả lời.
A11: BE-PLAT-04 | B11: BE Platform | C11: API tạo lượt thi | D11: P0 | E11: BE Platform | F11: FE Interview | G11: FOUNDATION-02, BE-PLAT-02, BE-PLAT-06 | H11: M1 | I11: Not Started | J11: =IF(I11="Done",1,IF(I11="Testing",0.9,IF(I11="Code Review",0.8,IF(I11="In Progress",0.5,IF(I11="Blocked",0.25,0))))) -> 0 | M11: POST /api/interview-attempts kiểm tra dữ liệu (sinh viên phải có tên trong danh sách participant của phiên thi, phiên đang trong khung giờ và sinh viên chưa có lượt thi nào), lưu lượt thi, trả về câu hỏi đầu tiên (lấy từ dữ liệu mẫu), trả 201 và có trong Swagger.
A12: BE-PLAT-05 | B12: BE Platform | C12: Xử lý lỗi và log dùng chung | D12: P1 | E12: BE Platform | F12: BE AI Core | G12: FOUNDATION-04 | H12: M1 | I12: Not Started | J12: =IF(I12="Done",1,IF(I12="Testing",0.9,IF(I12="Code Review",0.8,IF(I12="In Progress",0.5,IF(I12="Blocked",0.25,0))))) -> 0 | M12: Format lỗi thống nhất, bắt lỗi toàn cục, log các bước chính của luồng thi, không ghi lộ secret ra log.
A13: BE-PLAT-06 | B13: BE Platform | C13: Seed dữ liệu mẫu cho M1 | D13: P0 | E13: BE Platform | F13: BE AI Core | G13: BE-PLAT-01, FOUNDATION-03 | H13: M1 | I13: Not Started | J13: =IF(I13="Done",1,IF(I13="Testing",0.9,IF(I13="Code Review",0.8,IF(I13="In Progress",0.5,IF(I13="Blocked",0.25,0))))) -> 0 | M13: Có sẵn course, phiên thi, participant, vài câu hỏi và rubric mẫu để tạo lượt thi mà chưa cần màn hình cấu hình. Phiên mẫu có khung giờ đang mở lúc chạy thử, và có cách xoá lượt thi mẫu để chạy lại demo (mỗi sinh viên chỉ được một lượt). | N13: Thay cho task cũ "External Integration Contracts": phiên thi, câu hỏi và rubric giờ do nhóm tự làm. Phần interface STT/TTS/LLM chuyển sang BE-AI-06.
A14: BE-PLAT-07 | B14: BE Platform | C14: Đăng nhập bằng mật khẩu + JWT + phân quyền cơ bản | D14: P0 | E14: BE Platform | F14: FE Platform | G14: BE-PLAT-01, FOUNDATION-02 | H14: M1 | I14: Not Started | J14: =IF(I14="Done",1,IF(I14="Testing",0.9,IF(I14="Code Review",0.8,IF(I14="In Progress",0.5,IF(I14="Blocked",0.25,0))))) -> 0 | M14: Có tài khoản mẫu cho Student/Lecturer/Admin; đăng nhập bằng account name hoặc email + mật khẩu; mật khẩu chỉ lưu dạng hash + salt (PBKDF2 có sẵn trong .NET); đăng nhập trả JWT có role; API luồng thi chỉ cho Student gọi. | N14: Mới thêm vì gate M1 bắt đầu bằng bước đăng nhập. Google SSO, đăng ký và các link email (đặt account name và mật khẩu, đặt lại mật khẩu, xác nhận email) để sang M4.
A15: BE-AI-01 | B15: BE AI Core | C15: Chốt các trạng thái của buổi thi | D15: P0 | E15: BE AI Core | F15: BE Platform / PM | G15: FOUNDATION-01 | H15: M1 | I15: Not Started | J15: =IF(I15="Done",1,IF(I15="Testing",0.9,IF(I15="Code Review",0.8,IF(I15="In Progress",0.5,IF(I15="Blocked",0.25,0))))) -> 0 | M15: Ghi rõ các trạng thái và cách chuyển giữa chúng; chặn chuyển sai; định nghĩa cách xử lý khi hết giờ trả lời, khi đủ số lần hỏi xoáy và khi phiên đóng giữa chừng (lượt thi dừng ngay, câu chưa trả lời tính 0 điểm; câu chưa tới lượt không lưu gì). | N15: FE-INT-02 và BE-PLAT-02 dùng chung bộ trạng thái này.
A16: BE-AI-02 | B16: BE AI Core | C16: Contract phân tích câu trả lời | D16: P1 | E16: BE AI Core | F16: BE Platform / PM | G16: FOUNDATION-01 | H16: M1 | I16: Not Started | J16: =IF(I16="Done",1,IF(I16="Testing",0.9,IF(I16="Code Review",0.8,IF(I16="In Progress",0.5,IF(I16="Blocked",0.25,0))))) -> 0 | M16: Contract trả về: đủ ý chưa, thiếu ý nào, có cần hỏi xoáy không; tách riêng với chấm điểm; mock được. | N16: Hạ xuống P1 vì M1 chưa có hỏi xoáy, nhưng vẫn nên làm sớm để giữ ranh giới với chấm điểm.
A17: BE-AI-03 | B17: BE AI Core | C17: Contract chấm điểm theo rubric | D17: P0 | E17: BE AI Core | F17: BE Platform / PM | G17: FOUNDATION-03 | H17: M1 | I17: Not Started | J17: =IF(I17="Done",1,IF(I17="Testing",0.9,IF(I17="Code Review",0.8,IF(I17="In Progress",0.5,IF(I17="Blocked",0.25,0))))) -> 0 | M17: Đầu vào gồm câu hỏi, rubric, câu trả lời chính và các câu hỏi xoáy; đầu ra là điểm gợi ý và nhận xét; Reporting đọc được kết quả đã lưu.
A18: BE-AI-04 | B18: BE AI Core | C18: Mock chấm điểm AI | D18: P0 | E18: BE AI Core | F18: BE Platform / PM | G18: BE-AI-03 | H18: M1 | I18: Not Started | J18: =IF(I18="Done",1,IF(I18="Testing",0.9,IF(I18="Code Review",0.8,IF(I18="In Progress",0.5,IF(I18="Blocked",0.25,0))))) -> 0 | M18: Nhận câu trả lời, trả về điểm và nhận xét giả nhưng cố định (chạy lại vẫn ra cùng kết quả); sau này thay bằng LLM thật mà không phải sửa chỗ gọi. | N18: Lên P0 vì nằm trong gate M1.
A19: BE-AI-05 | B19: BE AI Core | C19: API nộp câu trả lời + điều phối | D19: P0 | E19: BE AI Core | F19: FE Interview | G19: BE-PLAT-03, BE-AI-01, BE-AI-04, FOUNDATION-02 | H19: M1 | I19: Not Started | J19: =IF(I19="Done",1,IF(I19="Testing",0.9,IF(I19="Code Review",0.8,IF(I19="In Progress",0.5,IF(I19="Blocked",0.25,0))))) -> 0 | M19: POST /api/interview-attempts/{id}/responses nhận câu trả lời, lưu QuestionResponse/InterviewTurn, gọi mock chấm điểm, lưu AIEvaluation rồi trả điểm + nhận xét cho FE. | N19: Mới thêm: trước đây chưa ai làm API này nên gate M1 không thể qua.
A20: BE-AI-06 | B20: BE AI Core | C20: Interface cho STT, TTS, LLM | D20: P1 | E20: BE AI Core | F20: BE Platform / PM | G20: FOUNDATION-04 | H20: M1 | I20: Not Started | J20: =IF(I20="Done",1,IF(I20="Testing",0.9,IF(I20="Code Review",0.8,IF(I20="In Progress",0.5,IF(I20="Blocked",0.25,0))))) -> 0 | M20: Có ISpeechToTextService, ITextToSpeechService, ILLMService kèm bản mock; code nghiệp vụ không phụ thuộc SDK của nhà cung cấp nào. | N20: Tách ra từ BE-PLAT-06 cũ, chuẩn bị cho M2.
A21: FE-INT-01 | B21: FE Interview | C21: Trang thi của sinh viên | D21: P0 | E21: FE Interview | F21: FE Platform | G21: FOUNDATION-04, FE-PLAT-01 | H21: M1 | I21: Not Started | J21: =IF(I21="Done",1,IF(I21="Testing",0.9,IF(I21="Code Review",0.8,IF(I21="In Progress",0.5,IF(I21="Blocked",0.25,0))))) -> 0 | M21: Có route trang thi; hiện câu hỏi và trạng thái hiện tại; có ô trả lời cho M1; demo được trên máy tính.
A22: FE-INT-02 | B22: FE Interview | C22: State machine giao diện buổi thi | D22: P0 | E22: FE Interview | F22: BE AI Core | G22: FOUNDATION-01, BE-AI-01 | H22: M1 | I22: Not Started | J22: =IF(I22="Done",1,IF(I22="Testing",0.9,IF(I22="Code Review",0.8,IF(I22="In Progress",0.5,IF(I22="Blocked",0.25,0))))) -> 0 | M22: Có đủ các trạng thái WAITING / READY / QUESTION / LISTENING / PROCESSING / FOLLOW_UP / COMPLETED, khớp bộ trạng thái của BE-AI-01; chạy thử được bằng dữ liệu mock.
A23: FE-INT-03 | B23: FE Interview | C23: Đồng hồ đếm giờ | D23: P0 | E23: FE Interview | F23: FE Platform | G23: FE-INT-02 | H23: M1 | I23: Not Started | J23: =IF(I23="Done",1,IF(I23="Testing",0.9,IF(I23="Code Review",0.8,IF(I23="In Progress",0.5,IF(I23="Blocked",0.25,0))))) -> 0 | M23: Timer đếm theo giây cho từng lần trả lời (cả lần trả lời câu hỏi xoáy): chạy khi câu hỏi bắt đầu, hiện thời gian còn lại, hết giờ thì tự nộp, sang lần trả lời mới thì đếm lại. | N23: Lên P0 vì gate M1 có bước timer.
A24: FE-INT-04 | B24: FE Interview | C24: Gắn API tạo lượt thi | D24: P0 | E24: FE Interview | F24: BE Platform | G24: FOUNDATION-02, FE-PLAT-02 | H24: M1 | I24: Not Started | J24: =IF(I24="Done",1,IF(I24="Testing",0.9,IF(I24="Code Review",0.8,IF(I24="In Progress",0.5,IF(I24="Blocked",0.25,0))))) -> 0 | M24: Gọi POST /api/interview-attempts theo contract (chạy với mock trước), giữ attemptId, hiện câu hỏi trả về, có trạng thái đang tải và báo lỗi. | N24: Sửa sau review 03/10: làm theo contract + mock, không phải chờ BE-PLAT-04. Ghép với API thật ở M1-01.
A25: FE-INT-05 | B25: FE Interview | C25: Gõ và nộp câu trả lời (M1) | D25: P0 | E25: FE Interview | F25: BE AI Core | G25: FOUNDATION-02, FE-INT-04 | H25: M1 | I25: Not Started | J25: =IF(I25="Done",1,IF(I25="Testing",0.9,IF(I25="Code Review",0.8,IF(I25="In Progress",0.5,IF(I25="Blocked",0.25,0))))) -> 0 | M25: Sinh viên gõ và nộp câu trả lời, thấy trạng thái đang xử lý, rồi thấy điểm và nhận xét mock trả về (chỉ ở M1 để kiểm tra luồng; bản thật thì sinh viên chỉ thấy điểm sau khi giảng viên chốt). | N25: Lên P0. Sửa sau review 03/10: làm theo contract + mock, không phải chờ BE-AI-05. Ghép với API thật ở M1-01.
A26: FE-PLAT-01 | B26: FE Platform | C26: Routing và layout chung | D26: P0 | E26: FE Platform | F26: FE Interview | G26: FOUNDATION-04 | H26: M1 | I26: Not Started | J26: =IF(I26="Done",1,IF(I26="Testing",0.9,IF(I26="Code Review",0.8,IF(I26="In Progress",0.5,IF(I26="Blocked",0.25,0))))) -> 0 | M26: Có layout chung; route đăng nhập và trang thi chạy được; route báo cáo/admin để trống cũng được; điều hướng ổn.
A27: FE-PLAT-02 | B27: FE Platform | C27: API client dùng chung | D27: P0 | E27: FE Platform | F27: BE Platform | G27: FOUNDATION-02 | H27: M1 | I27: Not Started | J27: =IF(I27="Done",1,IF(I27="Testing",0.9,IF(I27="Code Review",0.8,IF(I27="In Progress",0.5,IF(I27="Blocked",0.25,0))))) -> 0 | M27: Một HTTP client dùng chung, base URL đọc từ file .env, xử lý lỗi thống nhất, trang thi dùng lại được.
A28: FE-PLAT-03 | B28: FE Platform | C28: Màn hình đăng nhập và lưu trạng thái đăng nhập | D28: P0 | E28: FE Platform | F28: BE Platform | G28: FE-PLAT-01, FOUNDATION-02 | H28: M1 | I28: Not Started | J28: =IF(I28="Done",1,IF(I28="Testing",0.9,IF(I28="Code Review",0.8,IF(I28="In Progress",0.5,IF(I28="Blocked",0.25,0))))) -> 0 | M28: Đăng nhập bằng account name hoặc email + mật khẩu theo contract (chạy với mock trước); giữ trạng thái đăng nhập khi chuyển trang; chặn route theo role Student/Lecturer/Admin. | N28: Lên P0 vì gate M1 bắt đầu bằng bước đăng nhập. Sửa 06/10: làm theo contract + mock, ghép API thật ở M1-01.
A29: FE-PLAT-04 | B29: FE Platform | C29: Khung trang báo cáo | D29: P1 | E29: FE Platform | F29: FE Interview | G29: FE-PLAT-01 | H29: M1 | I29: Not Started | J29: =IF(I29="Done",1,IF(I29="Testing",0.9,IF(I29="Code Review",0.8,IF(I29="In Progress",0.5,IF(I29="Blocked",0.25,0))))) -> 0 | M29: Có route trang báo cáo, tạm hiện attemptId; sẵn sàng để M3 gắn dữ liệu thật.
A30: FE-PLAT-05 | B30: FE Platform | C30: UI/UX: giao diện frontend cơ bản – bài nộp môn 07/10 | D30: P0 | E30: Hiệu | F30: Whole Team | G30: DOC-01 | H30: Phase 0 / M1 | I30: Not Started | J30: =IF(I30="Done",1,IF(I30="Testing",0.9,IF(I30="Code Review",0.8,IF(I30="In Progress",0.5,IF(I30="Blocked",0.25,0))))) -> 0 | K30: 46301 | L30: 46302 | M30: Repo ai-oral-exam-web có giao diện cơ bản chạy được bằng dữ liệu mock cho các màn hình chính trong use case (đăng nhập và đăng ký, trang thi của sinh viên, trang giảng viên, trang admin); cả team xem lại trước khi nộp. | N30: Hiệu làm. Dùng lại được cho FE-PLAT-01, FE-PLAT-03 và FE-INT-01.
A31: M1-01 | B31: M1 Integration | C31: Ghép toàn bộ luồng M1 | D31: P0 | E31: Whole Team | F31: BE Platform / PM | G31: FE-INT-01, FE-INT-02, FE-INT-03, FE-INT-04, FE-INT-05, FE-PLAT-01, FE-PLAT-02, FE-PLAT-03, BE-PLAT-01, BE-PLAT-02, BE-PLAT-03, BE-PLAT-04, BE-PLAT-06, BE-PLAT-07, BE-AI-04, BE-AI-05 | H31: M1 | I31: Not Started | J31: =IF(I31="Done",1,IF(I31="Testing",0.9,IF(I31="Code Review",0.8,IF(I31="In Progress",0.5,IF(I31="Blocked",0.25,0))))) -> 0 | M31: React → ASP.NET Core → PostgreSQL → React chạy thông: đăng nhập, tạo lượt thi, nhận câu hỏi, timer chạy, gõ câu trả lời, backend lưu, mock AI trả điểm + nhận xét, giao diện hiện kết quả (điểm mock chỉ để kiểm tra luồng); ai trong team cũng chạy được trên máy mình; bản khung đã deploy thử lên một môi trường có HTTPS.

Sheet ROADMAP
A1: Roadmap & điều kiện hoàn thành từng giai đoạn
A4: Giai đoạn | B4: Mục tiêu | C4: Phạm vi chính | D4: Điều kiện hoàn thành | E4: Trạng thái | F4: % Tiến độ | G4: Tiếp theo | H4: Ghi chú
A5: Phase 0 — Chốt nền tảng & contract | B5: Thống nhất cách hiểu trước khi code | C5: Luồng thi chuẩn; API/realtime contract; domain model theo ERD + class diagram; khung repo và module; bộ tài liệu thiết kế | D5: Cả 4 người thống nhất thuật ngữ, API/DTO, phân công và ranh giới module; FE làm được bằng mock | E5: In Progress | F5: =IFERROR(AVERAGEIF(M1_TASKS!B:B,"Foundation",M1_TASKS!J:J),0) -> 0.26666667 | G5: M1 — Luồng thi cơ bản chạy thông | H5: Đang làm. Tài liệu thiết kế đã cập nhật theo các quyết định 06/10, chờ cả team xem lại
A6: M1 — Luồng thi cơ bản chạy thông | B6: Chứng minh kiến trúc chạy được từ đầu đến cuối | C6: React + ASP.NET Core + PostgreSQL; đăng nhập mật khẩu (hash + salt); dữ liệu phiên thi mẫu; câu hỏi mock; gõ câu trả lời; chấm điểm mock; deploy thử bản khung có HTTPS | D6: Sinh viên đăng nhập → mở trang thi → tạo lượt thi → nhận câu hỏi mock → timer chạy → gõ câu trả lời → backend lưu → mock AI trả điểm + nhận xét → giao diện hiện kết quả (điểm mock chỉ để kiểm tra luồng) | E6: Not Started | F6: =DASHBOARD!E5 -> 0.053333333 | G6: M2, M3, M4 (chạy song song) | H6: Chưa cần STT/TTS/LLM thật. Điểm mock hiện ra ở M1 chỉ để kiểm tra luồng
A7: M2 — Phỏng vấn AI thích ứng & duyệt điểm | B7: Làm phần AI tạo khác biệt và bước giảng viên chốt điểm (nhánh AI: FE Interview + BE AI Core) | C7: Micro/audio; STT; TTS; phân tích câu trả lời; hỏi xoáy; giới hạn thời gian mỗi lần trả lời (giây, tính cả lần trả lời câu hỏi xoáy) và số lần hỏi xoáy; AI gợi ý điểm theo rubric; giảng viên xem lại transcript, chỉnh và chốt điểm (một lần cho cả lượt thi); dừng ngay lượt đang làm khi phiên hết giờ (câu chưa trả lời tính 0 điểm) | D7: Sinh viên trả lời bằng giọng nói, hệ thống ra transcript, AI hỏi xoáy khi cần, điểm gợi ý theo rubric được lưu ở trạng thái chờ duyệt; giảng viên xem lại và chốt được điểm | E7: Not Started | F7: 0 | G7: M5 — Ghép nối & làm chắc | H7: Thay dần các phần mock của M1 bằng AI thật. Phần giảng viên duyệt điểm chuyển từ M3 sang (sau review 03/10) để hai nhánh chia việc đều hơn. 06/10: nhóm giữ cách chia này, lý do ở RISKS R-01
A8: M3 — Báo cáo & thống kê | B8: Hoàn thành Feature 6 (nhánh Platform, song song với M2) | C8: Báo cáo cho sinh viên (ghi rõ điểm AI gợi ý từng câu và điểm cuối giảng viên chốt); kết quả từng sinh viên; thống kê lớp (chỉ tính lượt đã chốt); xuất bảng điểm theo mẫu trường (chỉ dùng điểm đã chốt) | D8: Báo cáo lấy từ điểm đã lưu, không gọi lại AI; sinh viên chỉ thấy điểm sau khi giảng viên chốt, trước đó chỉ thấy thông báo đang chờ duyệt | E8: Not Started | F8: 0 | G8: M5 — Ghép nối & làm chắc | H8: Làm trước bằng dữ liệu điểm mẫu, không phải chờ M2
A9: M4 — Quản lý truy cập & cấu hình phiên thi | B9: Hoàn thành Feature 7 (nhánh Platform, song song với M2) | C9: Đăng ký (xác nhận email); Google SSO (lần đầu tự tạo tài khoản, hỏi có tạo account name và mật khẩu không); link đặt tài khoản (đặt cả account name lẫn mật khẩu) và link đặt lại mật khẩu (chỉ đổi mật khẩu; tài khoản chưa có mật khẩu thì nhận link đặt tài khoản); cài đặt tài khoản (đổi username, liên kết Google); quản lý tài khoản; quản lý môn học và phân giảng viên vào môn; tạo phiên thi, nạp câu hỏi, rubric, danh sách sinh viên, khung giờ, thời gian trả lời, số lần hỏi xoáy; publish (cần ít nhất 1 câu hỏi, đủ rubric và ít nhất 1 sinh viên); cấu hình ngôn ngữ STT/TTS và AI provider; xem audit log; phiên tự đóng khi hết giờ; dòng danh sách sinh viên không khớp tài khoản thì bỏ qua và báo lại | D9: Giảng viên tự tạo và publish được phiên thi; chỉ sinh viên có tên trong danh sách mới vào thi được, trong khung giờ và mỗi người một lượt; admin cấu hình được mọi thứ; Student/Lecturer/Admin chỉ thấy đúng phần của mình | E9: Not Started | F9: 0 | G9: M5 — Ghép nối & làm chắc | H9: Đăng nhập và phân quyền cơ bản đã có từ M1, M4 làm nốt phần còn lại
A10: M5 — Ghép nối & làm chắc | B10: Demo ổn định, chạy lại nhiều lần vẫn được (cả team) | C10: Ghép M2 + M3 + M4; kiểm thử tích hợp; xử lý lỗi; bảo mật; dữ liệu demo | D10: Giảng viên tạo phiên thi → sinh viên thi bằng giọng nói → AI gợi ý điểm → giảng viên chốt → báo cáo và thống kê: chạy ổn định nhiều lần | E10: Not Started | F10: 0 | G10: Thuyết trình cuối kỳ | H10: Không còn phụ thuộc team khác vì phiên thi, câu hỏi và rubric do nhóm tự làm

Sheet TEAM
A1: Phân vai & cách phối hợp
A4: Vai trò | B4: Phụ trách chính | C4: Việc chính trong M1 | D4: Không phụ trách | E4: Bàn giao chính | F4: Review | G4: Dấu hiệu làm tốt
A5: FE Interview | B5: Trải nghiệm thi của sinh viên | C5: Trang thi, state machine giao diện, timer, gắn API tạo lượt thi và nộp câu trả lời | D5: Khung admin và trang báo cáo | E5: Dùng API/realtime contract do BE chốt; khớp bộ trạng thái với BE AI Core; từ M2 làm thêm màn giảng viên duyệt điểm | F5: Xem API của luồng thi có dễ dùng không | G5: Sinh viên đi hết luồng M1 mà không phải chỉnh tay chỗ nào
A6: FE Platform | B6: Nền tảng frontend | C6: Routing/layout, API client dùng chung, màn hình đăng nhập, khung trang báo cáo | D6: Logic trạng thái của buổi thi | E6: Cung cấp phần dùng chung cho FE Interview | F6: Xem các pattern dùng chung ở FE | G6: Cả hai mảng FE dùng chung routing, API client và đăng nhập
A7: BE AI Core | B7: Phần thông minh của buổi thi | C7: Domain model, trạng thái buổi thi, contract phân tích và chấm điểm, mock chấm điểm, API nộp câu trả lời, interface STT/TTS/LLM | D7: Cài DB, hạ tầng chung | E7: Dùng contract chung; từ M2 làm STT/TTS/LLM thật và API giảng viên duyệt điểm | F7: Xem ranh giới các phần liên quan tới AI | G7: Phần AI tách riêng, test được, đổi từ mock sang AI thật mà không phải sửa chỗ gọi
A8: BE Platform / PM | B8: Ghép hệ thống + điều phối | C8: DB/migration, lưu dữ liệu, API tạo lượt thi, seed dữ liệu mẫu, đăng nhập + phân quyền, xử lý lỗi/log | D8: Logic prompt và quyết định của AI | E8: Giữ contract FE/BE khớp nhau; gỡ chỗ kẹt; điều phối lúc ghép M1 | F8: Xem độ sẵn sàng khi ghép và thứ tự merge PR | G8: Cả hệ thống nối được với nhau, không ai bị kẹt vì contract chưa rõ
A10: Nguyên tắc phân vai
A11: BE AI Core trả lời câu hỏi "phần AI của buổi thi có chạy đúng không?". BE Platform/PM trả lời "cả hệ thống có nối với nhau đúng không, có ai đang kẹt không?". FE Interview lo trải nghiệm thi của sinh viên; FE Platform lo phần frontend dùng chung và các màn hình ngoài buổi thi. Mỗi người tự cập nhật trạng thái task của mảng mình, thấy thiếu task thì tự thêm vào tracker.

Sheet RISKS
A1: Rủi ro & phụ thuộc
A4: Mã | B4: Rủi ro / phụ thuộc | C4: Loại | D4: Ảnh hưởng | E4: Khả năng xảy ra | F4: Cách giảm / việc tiếp theo | G4: Người theo dõi | H4: Trạng thái
A5: R-01 | B5: Phạm vi lớn hơn dự tính vì nhóm tự làm phiên thi, câu hỏi và rubric | C5: Phạm vi | D5: Cao | E5: Trung bình | F5: M1 dùng dữ liệu mẫu (BE-PLAT-06); phần cấu hình phiên thi làm ở nhánh Platform, song song với M2. Sau review 03/10 chọn cách sửa gọn: nạp danh sách sinh viên giống nạp câu hỏi (chưa làm ghi danh theo môn), giảng viên chốt điểm một lần cho cả lượt thi. 06/10: M4 thêm đăng ký, đăng nhập Google lần đầu, cài đặt tài khoản và xem audit log nên nhánh Platform nặng thêm. Nhóm vẫn giữ cách chia nhánh vì M2 (STT, TTS, LLM, hỏi xoáy, duyệt điểm) khó và rủi ro nhất; việc thêm của Platform chủ yếu là màn hình CRUD và các luồng đăng nhập quen thuộc | G5: BE Platform / PM | H5: Open
A6: R-02 | B6: Mỗi người gọi tên một kiểu (Exam Session với Interview Attempt, câu chính với câu xoáy) | C6: Kiến trúc | D6: Cao | E6: Trung bình | F6: Chốt FOUNDATION-01 trước khi chia nhánh code; dùng đúng tên trong use case, ERD và class diagram | G6: Whole Team | H6: Open
A7: R-03 | B7: Gộp phân tích câu trả lời và chấm điểm làm một | C7: Kiến trúc | D7: Cao | E7: Trung bình | F7: Giữ 2 contract riêng (BE-AI-02, BE-AI-03) và 2 tiêu chí hoàn thành riêng ngay từ M1 | G7: BE AI Core | H7: Open
A8: R-04 | B8: Làm audio/STT realtime trước khi luồng cơ bản chạy được | C8: Phạm vi | D8: Cao | E8: Cao | F8: Chưa đụng micro/STT/TTS thật cho tới khi qua gate M1; deploy thử sớm có HTTPS vì trình duyệt chỉ cho dùng micro trên trang bảo mật | G8: BE Platform / PM | H8: Open
A9: R-05 | B9: BE Platform/PM ôm quá nhiều việc nên thành chỗ nghẽn | C9: Nhóm | D9: Cao | E9: Trung bình | F9: Chuyển domain model, API nộp câu trả lời và interface AI sang BE AI Core; phần giảng viên duyệt điểm chuyển sang nhánh AI (M2); mỗi người tự quản task của mảng mình | G9: BE Platform / PM | H9: Open
A10: R-06 | B10: Sửa câu hỏi hoặc rubric sau khi thi làm kết quả cũ bị lệch | C10: Nghiệp vụ | D10: Cao | E10: Trung bình | F10: Publish xong thì khoá câu hỏi và rubric; lượt thi lưu nguyên văn câu hỏi đã hỏi | G10: BE Platform + BE AI Core | H10: Open
A11: R-07 | B11: Reporting gọi lại AI nên mỗi lần xem điểm lại khác | C11: Nghiệp vụ | D11: Cao | E11: Thấp | F11: Lưu AIEvaluation một lần; Reporting chỉ đọc kết quả đã lưu | G11: BE AI Core + BE Platform | H11: Open
A12: R-08 | B12: Lộ mật khẩu, hoặc link email (xác nhận email, đặt account name và mật khẩu, đặt lại mật khẩu) bị dùng lại | C12: Bảo mật | D12: Cao | E12: Thấp | F12: Chỉ lưu hash + salt (PBKDF2 có sẵn trong .NET, salt ngẫu nhiên cho từng người); token của link email chỉ lưu dạng hash, dùng một lần và có hạn; không báo email có tồn tại hay không | G12: BE Platform | H12: Open
